id,タイトル,ISBN,出版社名,著者名,Amazon価格
,宇宙は何でできているのか 素粒子物理学で解く宇宙の謎,978-4344981881,幻冬舎新書,村山 斉,864
,人工知能は人間を超えるか ディープラーニングの先にあるもの (角川EPUB選書),978-4040800202,角川EPUB選書,松尾　豊,1512
,脳・心・人工知能 数理で脳を解き明かす (ブルーバックス),978-4062579681,ブルーバックス,甘利 俊一,972
,SOFT SKILLS ソフトウェア開発者の人生マニュアル,978-4822251550,日経BP社,ジョン・ソンメズ,3024
,科学の発見,978-4163904573,文藝春秋,スティーヴン・ワインバーグ,2000
,物理のエッセンス 力学・波動 (河合塾シリーズ),978-4777213559,河合出版,浜島 清利,907
,物理のエッセンス 熱・電磁気・原子 (河合塾シリーズ),978-4777213566,河合出版,浜島 清利,907
,完全独習 統計学入門,978-4478820094,ダイヤモンド社,小島 寛之,1555
,STAP細胞はなぜ潰されたのか ‾小保方晴子『あの日』の真実‾,978-4828418728,ビジネス社,渋谷 一郎,1512
,ピーター・リンチの株で勝つ—アマの知恵でプロを出し抜け,978-4478630709,ダイヤモンド社,ピーター　リンチ,1944
,大学入試 漆原晃の 物理基礎・物理[力学・熱力学編]が面白いほどわかる本,978-4046001382,KADOKAWA/中経出版,漆原 晃,1404
,シンギュラリティは近い [エッセンス版]—人類が生命を超越するとき,978-4140816974,NHK出版,レイ・カーツワイル,1458
,インコのひみつ (イースト新書Q),978-4781680170,イースト新書Q,細川博昭,864
,受験脳の作り方—脳科学で考える効率的学習法 (新潮文庫),978-4101329222,新潮文庫,池谷 裕二,529
,はじめての 統計データ分析 —ベイズ的〈ポストp値時代〉の統計学—,978-4254122145,朝倉書店,豊田 秀樹,2808
,数の悪魔—算数・数学が楽しくなる12夜,978-4794964540,晶文社,ハンス・マグヌス エンツェンスベルガー、 丘沢 静也,1728
,宇宙一わかりやすい高校物理(力学・波動),978-4053037022,学研教育出版,鯉沼 拓,1598
,ＡＩの衝撃 人工知能は人類の敵か (講談社現代新書),978-4062883078,講談社,小林 雅一,864
,トヨタ生産方式—脱規模の経営をめざして,78-4478460016,ダイヤモンド社,大野 耐一,1512
,「腸の力」であなたは変わる: 一生病気にならない、脳と体が強くなる食事法,978-4837957638,三笠書房,デイビッド パールマター,1620
,脳はなにげに不公平 パテカトルの万脳薬,978-4023314948,朝日新聞出版,池谷裕二,1404
,フェルマーの最終定理 (新潮文庫),978-4102159712,新潮文庫,サイモン シン,853
,メカ屋のための脳科学入門-脳をリバースエンジニアリングする-,978-4526075360,日刊工業新聞社,高橋 宏知,2376
,機械学習と深層学習 —C言語によるシミュレーション—,978-4274218873,オーム社,小高知宏,2808
,やせる! 若返る! 病気を防ぐ! 腸内フローラ10の真実,978-4391146561,主婦と生活社,ＮＨＫスペシャル取材班,1069
,明日、機械がヒトになる ルポ最新科学 (講談社現代新書),978-4062883689,講談社,海猫沢 めろん,907
,ITエンジニアのための機械学習理論入門,978-4774176987,技術評論社,中井悦司,2580
,ダイナミック図解 自動車のしくみパーフェクト事典,978-4816355028,ナツメ社,古川 修,1620
,暗号解読 下巻 (新潮文庫 シ 37-3),978-4102159736,新潮社,サイモン シン,724
,データの見えざる手: ウエアラブルセンサが明かす人間・組織・社会の法則,978-4794220684,草思社,矢野 和男,1500
,大富豪が実践しているお金の哲学,978-4844374756,クロスメディア・パブリッシング,冨田和成,1280
,お金の真理,978-4763135469,サンマーク出版,斎藤一人,1728
,パナマ文書 : 「タックスヘイブン狩り」の衝撃が世界と日本を襲う,978-4198641863,徳間書店,渡邉哲也,1080
,儲ける社長の人事評価ルールのつくり方,978-4046012395,KADOKAWA / 中経出版,小山 昇,1500
,難しいことはわかりませんが、お金の増やし方を教えてください!,978-4905073246,文響社,山崎元,1500
,捨てられる銀行 (講談社現代新書),978-4062883696,講談社,橋本 卓典,864
,決算書がスラスラわかる 財務3表一体理解法 (朝日新書 44),978-4022731449,朝日新聞出版,國貞 克則,778
,お金を整える,978-4763135261,サンマーク出版,市居 愛,1404
,いちばんカンタン!株の超入門書 改訂版,978-4471210755,高橋書店,安恒 理,1404
,第143回をあてる TAC直前予想 日商簿記2級,978-4813265795,TAC出版,TAC簿記検定講座,1512
,超ど素人が極めるFX,978-4798144160,翔泳社,羊飼い,1280
,引き寄せの法則 エイブラハムとの対話 (引き寄せの法則シリーズ),978-4797341904,SBクリエイティブ,エスター・ヒックス,1836
,稲盛和夫の実学—経営と会計,978-4532190064,日本経済新聞出版社,稲盛和夫,566
,一流の人はなぜそこまで、雑談にこだわるのか？ 一流のこだわりシリーズ,978-4844374374,クロスメディア・パブリッシング（インプレス,小川晋平,1490
,金の卵を産むニワトリを持ちなさい,978-4776209058,アスコム,菅井 敏之,1404
,会社売却の心得28カ条,978-4344974456,幻冬舎,大塚 武樹,864
,あなたに金持ちになってほしい,978-4480863812,筑摩書房,ドナルド・ トランプ,3860
,あれか、これか——「本当の値打ち」を見抜くファイナンス理論入門,978-4478066041,ダイヤモンド社,野口 真人,1728
,ざっくり分かるファイナンス 経営センスを磨くための財務 (光文社新書),978-4334033972,光文社,石野 雄一 ,778
,神様にお任せで、勝手にお金が流れ込む本,978-4569829210,PHP研究所,大木 ゆきの,1512
,改訂版 金持ち父さんのキャッシュフロー・クワドラント:経済的自由があなたのものになる (単行本),978-4480864253,筑摩書房,ロバート キヨサキ,2052
,超一流の保険営業術 1年目の生保マンが年収1200万円プレーヤー(MDRT)になる方法,978-4344974661,幻冬舎,黒木 勉 ,1512
,時間かせぎの資本主義——いつまで危機を先送りできるか,978-4622079262,みすず書房,ヴォルフガング・シュトレーク,4536
,経費で落ちるレシート・落ちないレシート,978-4534051479,日本実業出版社,梅田 泰宏,1512
,普通の人が老後まで安心して暮らすためのお金の話 (扶桑社新書),978-4594073657,扶桑社,佐藤治彦,842
,知らないと損する　池上彰のお金の学校 (朝日新書),978-4022734174,朝日新聞出版,池上 彰,821
,マイナス金利の標的: 世界はこう動く国内篇,978-4198641603,徳間書店,長谷川慶太郎,1080
,資本主義の終焉と歴史の危機 (集英社新書),978-4087207323,集英社,水野 和夫,799
,となりの億万長者 〔新版〕 — 成功を生む7つの法則,978-4152093929,早川書房,トマス・J・スタンリー,1296
,フリーランスを代表して 申告と節税について教わってきました。,978-4534040015,日本実業出版社,きたみ りゅうじ ,1512
,はじめの一歩を踏み出そう—成功する人たちの起業術,978-4418036011,世界文化社,マイケル・E. ガーバー,1512
,地域アート——美学/制度/日本,978-4906708550,堀之内出版,藤田直哉,2700
,絵師で彩る世界の名画,978-4990256685,えんぴつ倶楽部,サイドランチ,2376
,ブラジルの光、家族の風景: 大原治雄写真集,978-4907473075,大原治雄,サウダージ・ブックス,3000
,若冲への招待,978-4022513748,朝日新聞出版,朝日新聞出版,1990
,目をみはる伊藤若冲の『動植綵絵』 (アートセレクション),978-4096070079,小学館,狩野 博幸,1990
,本当にある世界のファンタジー絶景,978-4758014960,一迅社,ポストメディア編集部,2052
,伊藤若冲作品集,978-4808710064,楽しく読む名作出版会,伊藤若冲,290
,アニメーターが教えるキャラ描画の基本法則,978-4844365624,エムディエヌコーポレーション,toshi,1836
,絵はすぐに上手くならない,978-4779121180,彩流社,成冨 ミヲリ,1728
,被災ママ812人が作った 子連れ防災手帖,978-4040666211,KADOKAWA/メディアファクトリー,つながる.com,1080
,若冲ワンダフルワールド (とんぼの本),978-4106022654,新潮社,辻 惟雄,1728
,作りながら覚える 3日で作曲入門,978-4636916928,ヤマハミュージックメディア,monaca:factory,1944
,ポートランド 世界で一番住みたい街をつくる,978-4761526238,学芸出版社,山崎 満広,2160
,"自分の中に毒を持て—あなたは“常識人間""を捨てられるか (青春文庫)",978-4413090100,青春出版社,岡本 太郎,504
,東北ずん子で覚える! アニメキャラクターモデリング,978-4862463265,ボーンデジタル,榊正宗,3456
,プロジェクト・デザイン・パターン 企画・プロデュース・新規事業に携わる人のための企画のコツ32,978-4798146959,翔泳社,井庭 崇,1426
,世界一わかりやすいデジタル一眼レフカメラと写真の教科書(改訂版),978-4844337201,インプレス,中井 精也,2160
,「奇跡の自然」の守りかた: 三浦半島・小網代の谷から (ちくまプリマー新書),978-4480689580,筑摩書房,岸 由二,950
,カメラは魔法の小箱です,978-4908709005,株式会社フォート・ナカイ,中井精也,2160
,人体のデッサン技法,978-4767985039,嶋田出版,ジャック・ハム,2160
,天才と名人 中村勘三郎と坂東三津五郎 (文春新書),978-4166610662,文藝春秋,長谷部 浩 ,896
,建築消防advice2016,978-4788280977,新日本法規出版 ,建築消防実務研究会,5292
,世界の廃墟,978-4864103923,飛鳥新社,佐藤 健寿,1900
,世界はひとつ 旅するディズニー塗り絵 (ブティックムックno.1236),978-4834773361,ブティック社,浅見 ハナ ,1400
,「人を動かす」広告デザインの心理術33 —人の無意識に影響を与える、イメージに秘められた説得力,978-4802510189,ビー・エヌ・エヌ新社,マルク・アンドルース ,1944
,デッサンの基本 (ナツメ社Artマスター),978-4816347009,ナツメ社,アトリエ・ハイデ,1944
,ノンデザイナーズ・デザインブック [フルカラー新装増補版],978-4839928407,毎日コミュニケーションズ,Robin Williams,2160
,写真が上手くなりたいなら覚えるべき50の掟 (玄光社MOOK),978-4768305645,玄光社,秦 達夫,1620
,都市をたたむ 人口減少時代をデザインする都市計画,978-4763407627,花伝社,饗庭 伸,1836
,間取りの方程式,978-4767818603,エクスナレッジ,飯塚 豊,1944
,若冲 その尽きせぬ魅力 (ペンブックス),978-4484162126,CCCメディアハウス,"狩野博幸 (監修), ペン編集部 (編集)",1944
,人物クロッキーの基本 早描き10分・5分・2分・1分,978-4798611211,ホビージャパン,アトリエ21,2160
,大人の塗り絵—美しい花編,978-4309268347,河出書房新社,河出書房新社編集部,1026
,決定版　脳の右側で描け,978-4309273747,河出書房新社,ベティ・エドワーズ ,2592
,ゼロからはじめる「木造建築」入門,978-4395010141,彰国社,原口秀昭,2057
,建築申請memo2016 ,978-4788280960,新日本法規出版 ,建築申請実務研究会,4752
,99%の社長が知らない銀行とお金の話,978-4860638283,あさ出版,小山昇,1250
,働く君に伝えたい「お金」の教養: 人生を変える5つの特別講義,978-4591147948,ポプラ社,出口治明,1300
,ミリオネア・マインド 大金持ちになれる人—お金を引き寄せる「富裕の法則」,978-4837956624,三笠書房,本田 健,1296